<item id="qfem-0004">

    <map id="qfem-0004" base="$SIMCENTER_DEV/quoFEM/examples/qfem-0004" >
      <str key="title" src="README.rst#.//title" />
      <set key="doc" cast="path"> <!-- src="README.rst" proc="aurore.find_dependencies" -->
        <path>README.rst</path>
        <set unpack="update"  src="README.rst" proc="aurore.find_dependencies" />
      </set>
      <str  key="summary">This example uses quoFEM to perform a global sensitivity analysis of an OpenSees FE model.</str>
      <str  key="logo" src="README.rst#.//image/@uri" />
      <date key="published" >2020-12-17T21:26:53.946653-08:00</date>
    </map>
</item>
