<item id="qfem-0010">

    <map id="qfem-0010" base="$SIMCENTER_DEV/quoFEM/examples/qfem-0010" >
      <str key="title" src="README.rst#.//title" />
      <set key="doc" cast="path"> <!-- src="README.rst" proc="aurore.find_dependencies" -->
        <path>README.rst</path>
        <set unpack="update"  src="README.rst" proc="aurore.find_dependencies" />
      </set>
      <str  key="summary">This example illustrates how quoFEM interacts with the FEAP engine for finite element analysis. A simple forward propagation procedure is run to estimate the first and second central moments of a truss model's response, given the marginal distributions of various random parameters.</str>
      <str  key="logo" src="README.rst#.//image/@uri" />
      <date key="published" >2020-12-17T21:26:53.946861-08:00</date>
    </map>
</item>
