{
    "UQ_Method": {
        "reliabilityMethodData": {
            "integrationMethod": "Second Order",
            "levelType": "Probability Levels",
            "localMethod": "Most Probable Point",
            "method": "Local Reliability",
            "mpp_Method": "no_approx",
            "probabilityLevel": [
                0.02,
                0.2,
                0.4,
                0.6,
                0.8,
                0.99
            ]
        },
        "uqEngine": "Dakota",
        "uqType": "Reliability Analysis"
    },
    "fem": {
        "dir": "{Current_Dir}/.",
        "inputFile": "{Current_Dir}/TrussModel.tcl",
        "mainInput": "TrussModel.tcl",
        "mainPostprocessScript": "TrussPost.tcl",
        "numInputs": 1,
        "postprocessScript": "{Current_Dir}/TrussPost.tcl",
        "parametersFile": "",
        "parametersScript": "",
        "program": "OpenSees"
    },
    "EDP": [
        {
            "name": "Node_3_Disp_2"
        },
        {
            "name": "Node_2_Disp_2"
        }
    ],
    "randomVariables": [
        {
            "name": "E",
            "title": "elastic modulus",
            "distribution": "Weibull",
            "refCount": 1,
            "scaleparam": 210.0,
            "shapeparam": 20.0,
            "value": "RV.E",
            "variableClass": "Uncertain"
        },
        {
            "name": "P",
            "title": "load magnitude",
            "distribution": "Beta",
            "alphas": 2.0,
            "betas": 2.0,
            "lowerbound": 20.0,
            "refCount": 1,
            "upperbound": 30.0,
            "value": "RV.P",
            "variableClass": "Uncertain"
        },
        {
            "name": "Ao",
            "title": "cross sectional area for the other six bars",
            "distribution": "Lognormal",
            "mean": 250.0,
            "refCount": 1,
            "stdDev": 50.0,
            "value": "RV.Ao",
            "variableClass": "Uncertain"
        },
        {
            "name": "Au",
            "title": "cross sectional area for the upper three bars",
            "distribution": "Normal",
            "mean": 500.0,
            "refCount": 1,
            "stdDev": 100.0,
            "value": "RV.Au",
            "variableClass": "Uncertain"
        }
    ],
    "$schema": "https://raw.githubusercontent.com/claudioperez/SimCenterDocumentation/examples/docs/common/user_manual/schemas/quoFEM_Schema.json",
    "Applications": {
        "UQ": {
            "Application": "Dakota-UQ",
            "ApplicationData": {}
        }
    },
    "remoteAppDir": "/home1/00477/tg457427/SimCenterBackendApplications/May-2020",
    "uqResults": {},
    "workingDir": "C:/Workdir/quoFEM",
    "localAppDir": "C:/Tools/quoFEM/quoFEM",
    "python": "python"
}