{
    "UQ_Method": {
        "bayesianCalibrationMethodData": {
            "burnInSamples": 1000,
            "chainSamples": 4000,
            "chains": 4,
            "jumpStep": 5,
            "method": "DREAM",
            "seed": 107
        },
        "uqEngine": "Dakota",
        "uqType": "Inverse Problem"
    },
    "randomVariables": [
        {
            "name": "Ic1",
            "distribution": "Uniform",
            "title": "first story column moment of inertia",
            "lowerbound": 500.0,
            "refCount": 2,
            "upperbound": 2000.0,
            "value": "RV.Ic1",
            "variableClass": "Uncertain"
        },
        {
            "name": "Ic2",
            "distribution": "Uniform",
            "title": "second story column moment of inertia",
            "lowerbound": 500.0,
            "refCount": 2,
            "upperbound": 2000.0,
            "value": "RV.Ic2",
            "variableClass": "Uncertain"
        }
    ],
    "fem": {
        "dir": "{Current_Dir}/.",
        "inputFile": "{Current_Dir}/fem.tcl",
        "mainInput": "fem.tcl",
        "mainPostprocessScript": "",
        "numInputs": 1,
        "postprocessScript": "",
        "parametersFile": "",
        "parametersScript": "",
        "program": "OpenSees"
    },
    "EDP": [
        {
            "name": "eps_l1"
        },
        {
            "name": "eps_l2"
        },
        {
            "name": "eps_l3"
        },
        {
            "name": "eps_l4"
        },
        {
            "name": "eps_l5"
        },
        {
            "name": "eps_p1"
        },
        {
            "name": "eps_p2"
        },
        {
            "name": "eps_p3"
        },
        {
            "name": "eps_p4"
        },
        {
            "name": "eps_p5"
        }
    ],
    "$schema": "https://raw.githubusercontent.com/claudioperez/SimCenterDocumentation/examples/docs/common/user_manual/schemas/quoFEM_Schema.json",
    "Applications": {
        "UQ": {
            "Application": "Dakota-UQ",
            "ApplicationData": {}
        }
    },
    "remoteAppDir": "/home1/00477/tg457427/SimCenterBackendApplications/May-2020",
    "uqResults": {},
    "workingDir": "C:/Workdir/quoFEM",
    "localAppDir": "C:/Tools/quoFEM/quoFEM",
    "python": "python"
}