<item id="qfem-0005">

    <map id="qfem-0005" base="$SIMCENTER_DEV/quoFEM/examples/qfem-0005" >
      <str key="title" src="README.rst#.//title" />
      <set key="doc" cast="path"> <!-- src="README.rst" proc="aurore.find_dependencies" -->
        <path>README.rst</path>
        <set unpack="update"  src="README.rst" proc="aurore.find_dependencies" />
      </set>
      <str  key="summary">This example illustrates how Python scripting can be used with quoFEM to express general mathematical models without the use of a dedicated finite element analysis engine.</str>
      <str  key="logo" src="README.rst#.//image/@uri" />
      <date key="published" >2020-12-17T21:26:53.946690-08:00</date>
    </map>
</item>
