{
    "Applications": {
        "UQ": {
            "Application": "SimCenterUQ-UQ",
            "ApplicationData": {
            }
        }
    },
    "EDP": [
        {
            "name": "Node_3_Disp_2"
        },
        {
            "name": "Node_2_Disp_2"
        }
    ],
    "UQ_Method": {
        "samplingMethodData": {
            "method": "Monte Carlo",
            "samples": 500,
            "seed": 536
        },
        "uqEngine": "SimCenterUQ",
        "uqType": "Sensitivity Analysis"
    },
    "fem": {
        "dir": "{Current_Dir}/.",
        "inputFile": "{Current_Dir}/TrussModel.tcl",
        "mainInput": "TrussModel.tcl",
        "mainPostprocessScript": "TrussPost.tcl",
        "numInputs": 1,
        "postprocessScript": "{Current_Dir}/TrussPost.tcl",
        "program": "OpenSees"
    },
    "localAppDir": "C:/Users/claud/sim/dist-2020b/quoFEM-2020-11-03",
    "python": "C:\\Users\\claud\\miniconda3\\envs\\sim\\python.exe",
    "randomVariables": [
        {
            "distribution": "Constant",
            "inputType": "Parameters",
            "name": "E",
            "refCount": 1,
            "value": 205,
            "variableClass": "Uncertain"
        },
        {
            "distribution": "Constant",
            "inputType": "Parameters",
            "name": "P",
            "refCount": 1,
            "value": 25,
            "variableClass": "Uncertain"
        },
        {
            "distribution": "Constant",
            "inputType": "Parameters",
            "name": "Au",
            "refCount": 1,
            "value": 500,
            "variableClass": "Uncertain"
        },
        {
            "distribution": "Constant",
            "inputType": "Parameters",
            "name": "Ao",
            "refCount": 1,
            "value": 250,
            "variableClass": "Uncertain"
        }
    ],
    "remoteAppDir": "/home1/00477/tg457427/SimCenterBackendApplications/v2.2.0",
    "uqResults": {
        "resultType": "SimCenterUQResultsSensitivity"
    },
    "workingDir": "C:/Users/claud/Documents/quoFEM/LocalWorkDir"
}
